Image_id,Defect,DT1_MP,DT2_TP,DT3_OOB
20260215_000002_135937_combined,20260215_000002_135937_combined_PERF_01,0,1,0
20260215_000002_135937_combined,20260215_000002_135937_combined_PERF_02,0,1,0
20260215_000002_135937_combined,20260215_000002_135937_combined_PERF_03,0,1,0
20260215_000002_135937_combined,20260215_000002_135937_combined_PERF_04,0,1,0
20260215_000009_135947_combined,20260215_000009_135947_combined_PERF_01,0,1,0
20260215_000009_135947_combined,20260215_000009_135947_combined_PERF_02,0,1,0
20260215_000009_135947_combined,20260215_000009_135947_combined_PERF_03,0,1,0
20260215_000009_135947_combined,20260215_000009_135947_combined_PERF_04,0,1,0
20260215_000017_135957_combined,20260215_000017_135957_combined_PERF_01,0,1,0
20260215_000017_135957_combined,20260215_000017_135957_combined_PERF_02,0,1,0
20260215_000017_135957_combined,20260215_000017_135957_combined_PERF_03,0,1,0
20260215_000017_135957_combined,20260215_000017_135957_combined_PERF_04,0,1,0
20260215_000024_135967_combined,20260215_000024_135967_combined_PERF_01,0,1,0
20260215_000024_135967_combined,20260215_000024_135967_combined_PERF_02,0,1,0
20260215_000024_135967_combined,20260215_000024_135967_combined_PERF_03,0,1,0
20260215_000024_135967_combined,20260215_000024_135967_combined_PERF_04,0,1,0
20260215_000031_135977_combined,20260215_000031_135977_combined_PERF_01,0,1,0
20260215_000031_135977_combined,20260215_000031_135977_combined_PERF_02,0,1,0
20260215_000031_135977_combined,20260215_000031_135977_combined_PERF_03,0,1,0
20260215_000031_135977_combined,20260215_000031_135977_combined_PERF_04,0,1,0
20260215_000038_135987_combined,20260215_000038_135987_combined_PERF_01,0,1,0
20260215_000038_135987_combined,20260215_000038_135987_combined_PERF_02,0,1,0
20260215_000038_135987_combined,20260215_000038_135987_combined_PERF_03,0,1,0
20260215_000038_135987_combined,20260215_000038_135987_combined_PERF_04,0,1,0
20260215_000045_135997_combined,20260215_000045_135997_combined_PERF_01,0,1,0
20260215_000045_135997_combined,20260215_000045_135997_combined_PERF_02,0,1,0
20260215_000045_135997_combined,20260215_000045_135997_combined_PERF_03,0,1,0
20260215_000045_135997_combined,20260215_000045_135997_combined_PERF_04,0,1,0
20260215_000052_136007_combined,20260215_000052_136007_combined_PERF_01,0,1,0
20260215_000052_136007_combined,20260215_000052_136007_combined_PERF_02,0,1,0
20260215_000052_136007_combined,20260215_000052_136007_combined_PERF_03,0,1,0
20260215_000052_136007_combined,20260215_000052_136007_combined_PERF_04,0,1,0
20260215_000059_136017_combined,20260215_000059_136017_combined_PERF_01,0,1,0
20260215_000059_136017_combined,20260215_000059_136017_combined_PERF_02,0,1,0
20260215_000059_136017_combined,20260215_000059_136017_combined_PERF_03,0,1,0
20260215_000059_136017_combined,20260215_000059_136017_combined_PERF_04,0,1,0
20260215_000106_136027_combined,20260215_000106_136027_combined_PERF_01,0,1,0
20260215_000106_136027_combined,20260215_000106_136027_combined_PERF_02,0,1,0
20260215_000106_136027_combined,20260215_000106_136027_combined_PERF_03,0,1,0
20260215_000106_136027_combined,20260215_000106_136027_combined_PERF_04,0,1,0
20260215_000113_136037_combined,20260215_000113_136037_combined_PERF_01,0,1,0
20260215_000113_136037_combined,20260215_000113_136037_combined_PERF_02,0,1,0
20260215_000113_136037_combined,20260215_000113_136037_combined_PERF_03,0,1,0
20260215_000113_136037_combined,20260215_000113_136037_combined_PERF_04,0,1,0
20260215_000121_136047_combined,20260215_000121_136047_combined_PERF_01,0,1,0
20260215_000121_136047_combined,20260215_000121_136047_combined_PERF_02,0,1,0
20260215_000121_136047_combined,20260215_000121_136047_combined_PERF_03,0,1,0
20260215_000121_136047_combined,20260215_000121_136047_combined_PERF_04,0,1,0
20260215_000128_136057_combined,20260215_000128_136057_combined_PERF_01,0,1,0
20260215_000128_136057_combined,20260215_000128_136057_combined_PERF_02,0,1,0
20260215_000128_136057_combined,20260215_000128_136057_combined_PERF_03,0,1,0
20260215_000128_136057_combined,20260215_000128_136057_combined_PERF_04,0,1,0
20260215_000135_136067_combined,20260215_000135_136067_combined_PERF_01,0,1,0
20260215_000135_136067_combined,20260215_000135_136067_combined_PERF_02,0,1,0
20260215_000135_136067_combined,20260215_000135_136067_combined_PERF_03,0,1,0
20260215_000135_136067_combined,20260215_000135_136067_combined_PERF_04,0,1,0
20260215_000142_136077_combined,20260215_000142_136077_combined_PERF_01,0,1,0
20260215_000142_136077_combined,20260215_000142_136077_combined_PERF_02,0,1,0
20260215_000142_136077_combined,20260215_000142_136077_combined_PERF_03,0,1,0
20260215_000142_136077_combined,20260215_000142_136077_combined_PERF_04,0,1,0
20260215_000156_136097_combined,20260215_000156_136097_combined_PERF_01,0,1,0
20260215_000156_136097_combined,20260215_000156_136097_combined_PERF_02,0,1,0
20260215_000156_136097_combined,20260215_000156_136097_combined_PERF_03,0,1,0
20260215_000156_136097_combined,20260215_000156_136097_combined_PERF_04,0,1,0
20260215_000203_136107_combined,20260215_000203_136107_combined_PERF_01,0,1,0
20260215_000203_136107_combined,20260215_000203_136107_combined_PERF_02,0,1,0
20260215_000203_136107_combined,20260215_000203_136107_combined_PERF_03,0,1,0
20260215_000203_136107_combined,20260215_000203_136107_combined_PERF_04,0,1,0
20260215_000210_136117_combined,20260215_000210_136117_combined_PERF_01,0,1,0
20260215_000210_136117_combined,20260215_000210_136117_combined_PERF_02,0,1,0
20260215_000210_136117_combined,20260215_000210_136117_combined_PERF_03,0,1,0
20260215_000210_136117_combined,20260215_000210_136117_combined_PERF_04,0,1,0
20260215_000217_136127_combined,20260215_000217_136127_combined_PERF_01,0,1,0
20260215_000217_136127_combined,20260215_000217_136127_combined_PERF_02,0,1,0
20260215_000217_136127_combined,20260215_000217_136127_combined_PERF_03,0,1,0
20260215_000217_136127_combined,20260215_000217_136127_combined_PERF_04,0,1,0
20260215_000224_136137_combined,20260215_000224_136137_combined_PERF_01,0,1,0
20260215_000224_136137_combined,20260215_000224_136137_combined_PERF_02,0,1,0
20260215_000224_136137_combined,20260215_000224_136137_combined_PERF_03,0,1,0
20260215_000224_136137_combined,20260215_000224_136137_combined_PERF_04,0,1,0
20260215_000238_136157_combined,20260215_000238_136157_combined_PERF_01,0,1,0
20260215_000238_136157_combined,20260215_000238_136157_combined_PERF_02,0,1,0
20260215_000238_136157_combined,20260215_000238_136157_combined_PERF_03,0,1,0
20260215_000238_136157_combined,20260215_000238_136157_combined_PERF_04,0,1,0
20260215_000252_136177_combined,20260215_000252_136177_combined_PERF_01,0,1,0
20260215_000252_136177_combined,20260215_000252_136177_combined_PERF_02,0,1,0
20260215_000252_136177_combined,20260215_000252_136177_combined_PERF_03,0,1,0
20260215_000252_136177_combined,20260215_000252_136177_combined_PERF_04,0,1,0
20260215_000259_136187_combined,20260215_000259_136187_combined_PERF_01,0,1,0
20260215_000259_136187_combined,20260215_000259_136187_combined_PERF_02,0,1,0
20260215_000259_136187_combined,20260215_000259_136187_combined_PERF_03,0,1,0
20260215_000259_136187_combined,20260215_000259_136187_combined_PERF_04,0,1,0
20260215_000306_136197_combined,20260215_000306_136197_combined_PERF_01,0,1,0
20260215_000306_136197_combined,20260215_000306_136197_combined_PERF_02,0,1,0
20260215_000306_136197_combined,20260215_000306_136197_combined_PERF_03,0,1,0
20260215_000306_136197_combined,20260215_000306_136197_combined_PERF_04,0,1,0
20260215_000313_136207_combined,20260215_000313_136207_combined_PERF_01,0,1,0
20260215_000313_136207_combined,20260215_000313_136207_combined_PERF_02,0,1,0
20260215_000313_136207_combined,20260215_000313_136207_combined_PERF_03,0,1,0
20260215_000313_136207_combined,20260215_000313_136207_combined_PERF_04,0,1,0
20260215_000321_136217_combined,20260215_000321_136217_combined_PERF_01,0,1,0
20260215_000321_136217_combined,20260215_000321_136217_combined_PERF_02,0,1,0
20260215_000321_136217_combined,20260215_000321_136217_combined_PERF_03,0,1,0
20260215_000321_136217_combined,20260215_000321_136217_combined_PERF_04,0,1,0
20260215_000328_136227_combined,20260215_000328_136227_combined_PERF_01,0,1,0
20260215_000328_136227_combined,20260215_000328_136227_combined_PERF_02,0,1,0
20260215_000328_136227_combined,20260215_000328_136227_combined_PERF_03,0,1,0
20260215_000328_136227_combined,20260215_000328_136227_combined_PERF_04,0,1,0
20260215_000335_136237_combined,20260215_000335_136237_combined_PERF_01,0,1,0
20260215_000335_136237_combined,20260215_000335_136237_combined_PERF_02,0,1,0
20260215_000335_136237_combined,20260215_000335_136237_combined_PERF_03,0,1,0
20260215_000335_136237_combined,20260215_000335_136237_combined_PERF_04,0,1,0
20260215_000349_136257_combined,20260215_000349_136257_combined_PERF_01,0,1,0
20260215_000349_136257_combined,20260215_000349_136257_combined_PERF_02,0,1,0
20260215_000349_136257_combined,20260215_000349_136257_combined_PERF_03,0,1,0
20260215_000349_136257_combined,20260215_000349_136257_combined_PERF_04,0,1,0
20260215_000403_136277_combined,20260215_000403_136277_combined_PERF_01,0,1,0
20260215_000403_136277_combined,20260215_000403_136277_combined_PERF_02,0,1,0
20260215_000403_136277_combined,20260215_000403_136277_combined_PERF_03,0,1,0
20260215_000403_136277_combined,20260215_000403_136277_combined_PERF_04,0,1,0
20260215_000417_136297_combined,20260215_000417_136297_combined_PERF_01,0,1,0
20260215_000417_136297_combined,20260215_000417_136297_combined_PERF_02,0,1,0
20260215_000417_136297_combined,20260215_000417_136297_combined_PERF_03,0,1,0
20260215_000417_136297_combined,20260215_000417_136297_combined_PERF_04,0,1,0
20260215_000431_136317_combined,20260215_000431_136317_combined_PERF_01,0,1,0
20260215_000431_136317_combined,20260215_000431_136317_combined_PERF_02,0,1,0
20260215_000431_136317_combined,20260215_000431_136317_combined_PERF_03,0,1,0
20260215_000431_136317_combined,20260215_000431_136317_combined_PERF_04,0,1,0
20260215_000438_136327_combined,20260215_000438_136327_combined_PERF_01,0,1,0
20260215_000438_136327_combined,20260215_000438_136327_combined_PERF_02,0,1,0
20260215_000438_136327_combined,20260215_000438_136327_combined_PERF_03,0,1,0
20260215_000438_136327_combined,20260215_000438_136327_combined_PERF_04,0,1,0
20260215_000452_136347_combined,20260215_000452_136347_combined_PERF_01,0,1,0
20260215_000452_136347_combined,20260215_000452_136347_combined_PERF_02,0,1,0
20260215_000452_136347_combined,20260215_000452_136347_combined_PERF_03,0,1,0
20260215_000452_136347_combined,20260215_000452_136347_combined_PERF_04,0,1,0
20260215_000459_136357_combined,20260215_000459_136357_combined_PERF_01,0,1,0
20260215_000459_136357_combined,20260215_000459_136357_combined_PERF_02,0,1,0
20260215_000459_136357_combined,20260215_000459_136357_combined_PERF_03,0,1,0
20260215_000459_136357_combined,20260215_000459_136357_combined_PERF_04,0,1,0
20260215_000506_136367_combined,20260215_000506_136367_combined_PERF_01,0,1,0
20260215_000506_136367_combined,20260215_000506_136367_combined_PERF_02,0,1,0
20260215_000506_136367_combined,20260215_000506_136367_combined_PERF_03,0,1,0
20260215_000506_136367_combined,20260215_000506_136367_combined_PERF_04,0,1,0
20260215_000513_136377_combined,20260215_000513_136377_combined_PERF_01,0,1,0
20260215_000513_136377_combined,20260215_000513_136377_combined_PERF_02,0,1,0
20260215_000513_136377_combined,20260215_000513_136377_combined_PERF_03,0,1,0
20260215_000513_136377_combined,20260215_000513_136377_combined_PERF_04,0,1,0
20260215_000542_136417_combined,20260215_000542_136417_combined_PERF_01,0,1,0
20260215_000542_136417_combined,20260215_000542_136417_combined_PERF_02,0,1,0
20260215_000542_136417_combined,20260215_000542_136417_combined_PERF_03,0,1,0
20260215_000542_136417_combined,20260215_000542_136417_combined_PERF_04,0,1,0
20260215_000556_136437_combined,20260215_000556_136437_combined_PERF_01,0,1,0
20260215_000556_136437_combined,20260215_000556_136437_combined_PERF_02,0,1,0
20260215_000556_136437_combined,20260215_000556_136437_combined_PERF_03,0,1,0
20260215_000556_136437_combined,20260215_000556_136437_combined_PERF_04,0,1,0
20260215_000610_136457_combined,20260215_000610_136457_combined_PERF_01,0,1,0
20260215_000610_136457_combined,20260215_000610_136457_combined_PERF_02,0,1,0
20260215_000610_136457_combined,20260215_000610_136457_combined_PERF_03,0,1,0
20260215_000610_136457_combined,20260215_000610_136457_combined_PERF_04,0,1,0
20260215_000631_136487_combined,20260215_000631_136487_combined_PERF_01,0,1,0
20260215_000631_136487_combined,20260215_000631_136487_combined_PERF_02,0,1,0
20260215_000631_136487_combined,20260215_000631_136487_combined_PERF_03,0,1,0
20260215_000631_136487_combined,20260215_000631_136487_combined_PERF_04,0,1,0
20260215_000645_136507_combined,20260215_000645_136507_combined_PERF_01,0,1,0
20260215_000645_136507_combined,20260215_000645_136507_combined_PERF_02,0,1,0
20260215_000645_136507_combined,20260215_000645_136507_combined_PERF_03,0,1,0
20260215_000645_136507_combined,20260215_000645_136507_combined_PERF_04,0,1,0
20260215_000652_136517_combined,20260215_000652_136517_combined_PERF_01,0,1,0
20260215_000652_136517_combined,20260215_000652_136517_combined_PERF_02,0,1,0
20260215_000652_136517_combined,20260215_000652_136517_combined_PERF_03,0,1,0
20260215_000652_136517_combined,20260215_000652_136517_combined_PERF_04,0,1,0
20260215_000706_136537_combined,20260215_000706_136537_combined_PERF_01,0,1,0
20260215_000706_136537_combined,20260215_000706_136537_combined_PERF_02,0,1,0
20260215_000706_136537_combined,20260215_000706_136537_combined_PERF_03,0,1,0
20260215_000706_136537_combined,20260215_000706_136537_combined_PERF_04,0,1,0
20260215_000721_136557_combined,20260215_000721_136557_combined_PERF_01,0,1,0
20260215_000721_136557_combined,20260215_000721_136557_combined_PERF_02,0,1,0
20260215_000721_136557_combined,20260215_000721_136557_combined_PERF_03,0,1,0
20260215_000721_136557_combined,20260215_000721_136557_combined_PERF_04,0,1,0
20260215_000742_136587_combined,20260215_000742_136587_combined_PERF_01,0,1,0
20260215_000742_136587_combined,20260215_000742_136587_combined_PERF_02,0,1,0
20260215_000742_136587_combined,20260215_000742_136587_combined_PERF_03,0,1,0
20260215_000742_136587_combined,20260215_000742_136587_combined_PERF_04,0,1,0
20260215_000803_136617_combined,20260215_000803_136617_combined_PERF_01,0,1,0
20260215_000803_136617_combined,20260215_000803_136617_combined_PERF_02,0,1,0
20260215_000803_136617_combined,20260215_000803_136617_combined_PERF_03,0,1,0
20260215_000803_136617_combined,20260215_000803_136617_combined_PERF_04,0,1,0
20260215_000810_136627_combined,20260215_000810_136627_combined_PERF_01,0,1,0
20260215_000810_136627_combined,20260215_000810_136627_combined_PERF_02,0,1,0
20260215_000810_136627_combined,20260215_000810_136627_combined_PERF_03,0,1,0
20260215_000810_136627_combined,20260215_000810_136627_combined_PERF_04,0,1,0
20260215_000817_136637_combined,20260215_000817_136637_combined_PERF_01,0,1,0
20260215_000817_136637_combined,20260215_000817_136637_combined_PERF_02,0,1,0
20260215_000817_136637_combined,20260215_000817_136637_combined_PERF_03,0,1,0
20260215_000817_136637_combined,20260215_000817_136637_combined_PERF_04,0,1,0
20260215_000831_136657_combined,20260215_000831_136657_combined_PERF_01,0,1,0
20260215_000831_136657_combined,20260215_000831_136657_combined_PERF_02,0,1,0
20260215_000831_136657_combined,20260215_000831_136657_combined_PERF_03,0,1,0
20260215_000831_136657_combined,20260215_000831_136657_combined_PERF_04,0,1,0
20260215_000838_136667_combined,20260215_000838_136667_combined_PERF_01,0,1,0
20260215_000838_136667_combined,20260215_000838_136667_combined_PERF_02,0,1,0
20260215_000838_136667_combined,20260215_000838_136667_combined_PERF_03,0,1,0
20260215_000838_136667_combined,20260215_000838_136667_combined_PERF_04,0,1,0
20260215_000845_136677_combined,20260215_000845_136677_combined_PERF_01,0,1,0
20260215_000845_136677_combined,20260215_000845_136677_combined_PERF_02,0,1,0
20260215_000845_136677_combined,20260215_000845_136677_combined_PERF_03,0,1,0
20260215_000845_136677_combined,20260215_000845_136677_combined_PERF_04,0,1,0
20260215_000852_136687_combined,20260215_000852_136687_combined_PERF_01,0,1,0
20260215_000852_136687_combined,20260215_000852_136687_combined_PERF_02,0,1,0
20260215_000852_136687_combined,20260215_000852_136687_combined_PERF_03,0,1,0
20260215_000852_136687_combined,20260215_000852_136687_combined_PERF_04,0,1,0
20260215_000859_136697_combined,20260215_000859_136697_combined_PERF_01,0,1,0
20260215_000859_136697_combined,20260215_000859_136697_combined_PERF_02,0,1,0
20260215_000859_136697_combined,20260215_000859_136697_combined_PERF_03,0,1,0
20260215_000859_136697_combined,20260215_000859_136697_combined_PERF_04,0,1,0
20260215_000906_136707_combined,20260215_000906_136707_combined_PERF_01,0,1,0
20260215_000906_136707_combined,20260215_000906_136707_combined_PERF_02,0,1,0
20260215_000906_136707_combined,20260215_000906_136707_combined_PERF_03,0,1,0
20260215_000906_136707_combined,20260215_000906_136707_combined_PERF_04,0,1,0
20260215_000913_136717_combined,20260215_000913_136717_combined_PERF_01,0,1,0
20260215_000913_136717_combined,20260215_000913_136717_combined_PERF_02,0,1,0
20260215_000913_136717_combined,20260215_000913_136717_combined_PERF_03,0,1,0
20260215_000913_136717_combined,20260215_000913_136717_combined_PERF_04,0,1,0
20260215_000921_136727_combined,20260215_000921_136727_combined_PERF_01,0,1,0
20260215_000921_136727_combined,20260215_000921_136727_combined_PERF_02,0,1,0
20260215_000921_136727_combined,20260215_000921_136727_combined_PERF_03,0,1,0
20260215_000921_136727_combined,20260215_000921_136727_combined_PERF_04,0,1,0
20260215_000935_136747_combined,20260215_000935_136747_combined_PERF_01,0,1,0
20260215_000935_136747_combined,20260215_000935_136747_combined_PERF_02,0,1,0
20260215_000935_136747_combined,20260215_000935_136747_combined_PERF_03,0,1,0
20260215_000935_136747_combined,20260215_000935_136747_combined_PERF_04,0,1,0
20260215_000942_136757_combined,20260215_000942_136757_combined_PERF_01,0,1,0
20260215_000942_136757_combined,20260215_000942_136757_combined_PERF_02,0,1,0
20260215_000942_136757_combined,20260215_000942_136757_combined_PERF_03,0,1,0
20260215_000942_136757_combined,20260215_000942_136757_combined_PERF_04,0,1,0
20260215_000956_136777_combined,20260215_000956_136777_combined_PERF_01,0,1,0
20260215_000956_136777_combined,20260215_000956_136777_combined_PERF_02,0,1,0
20260215_000956_136777_combined,20260215_000956_136777_combined_PERF_03,0,1,0
20260215_000956_136777_combined,20260215_000956_136777_combined_PERF_04,0,1,0
20260215_001003_136787_combined,20260215_001003_136787_combined_PERF_01,0,1,0
20260215_001003_136787_combined,20260215_001003_136787_combined_PERF_02,0,1,0
20260215_001003_136787_combined,20260215_001003_136787_combined_PERF_03,0,1,0
20260215_001003_136787_combined,20260215_001003_136787_combined_PERF_04,0,1,0
20260215_001010_136797_combined,20260215_001010_136797_combined_PERF_01,0,1,0
20260215_001010_136797_combined,20260215_001010_136797_combined_PERF_02,0,1,0
20260215_001010_136797_combined,20260215_001010_136797_combined_PERF_03,0,1,0
20260215_001010_136797_combined,20260215_001010_136797_combined_PERF_04,0,1,0
20260215_001017_136807_combined,20260215_001017_136807_combined_PERF_01,0,1,0
20260215_001017_136807_combined,20260215_001017_136807_combined_PERF_02,0,1,0
20260215_001017_136807_combined,20260215_001017_136807_combined_PERF_03,0,1,0
20260215_001017_136807_combined,20260215_001017_136807_combined_PERF_04,0,1,0
20260215_001024_136817_combined,20260215_001024_136817_combined_PERF_01,0,1,0
20260215_001024_136817_combined,20260215_001024_136817_combined_PERF_02,0,1,0
20260215_001024_136817_combined,20260215_001024_136817_combined_PERF_03,0,1,0
20260215_001024_136817_combined,20260215_001024_136817_combined_PERF_04,0,1,0
20260215_001031_136827_combined,20260215_001031_136827_combined_PERF_01,0,1,0
20260215_001031_136827_combined,20260215_001031_136827_combined_PERF_02,0,1,0
20260215_001031_136827_combined,20260215_001031_136827_combined_PERF_03,0,1,0
20260215_001031_136827_combined,20260215_001031_136827_combined_PERF_04,0,1,0
20260215_001038_136837_combined,20260215_001038_136837_combined_PERF_01,0,1,0
20260215_001038_136837_combined,20260215_001038_136837_combined_PERF_02,0,1,0
20260215_001038_136837_combined,20260215_001038_136837_combined_PERF_03,0,1,0
20260215_001038_136837_combined,20260215_001038_136837_combined_PERF_04,0,1,0
20260215_001049_136847_combined,20260215_001049_136847_combined_PERF_01,0,1,0
20260215_001049_136847_combined,20260215_001049_136847_combined_PERF_02,0,1,0
20260215_001049_136847_combined,20260215_001049_136847_combined_PERF_03,0,1,0
20260215_001049_136847_combined,20260215_001049_136847_combined_PERF_04,0,1,0
20260215_001056_136857_combined,20260215_001056_136857_combined_PERF_01,0,1,0
20260215_001056_136857_combined,20260215_001056_136857_combined_PERF_02,0,1,0
20260215_001056_136857_combined,20260215_001056_136857_combined_PERF_03,0,1,0
20260215_001056_136857_combined,20260215_001056_136857_combined_PERF_04,0,1,0
20260215_001103_136867_combined,20260215_001103_136867_combined_PERF_01,0,1,0
20260215_001103_136867_combined,20260215_001103_136867_combined_PERF_02,0,1,0
20260215_001103_136867_combined,20260215_001103_136867_combined_PERF_03,0,1,0
20260215_001103_136867_combined,20260215_001103_136867_combined_PERF_04,0,1,0
20260215_001111_136877_combined,20260215_001111_136877_combined_PERF_01,0,1,0
20260215_001111_136877_combined,20260215_001111_136877_combined_PERF_02,0,1,0
20260215_001111_136877_combined,20260215_001111_136877_combined_PERF_03,0,1,0
20260215_001111_136877_combined,20260215_001111_136877_combined_PERF_04,0,1,0
20260215_001121_136887_combined,20260215_001121_136887_combined_PERF_01,1,1,0
20260215_001121_136887_combined,20260215_001121_136887_combined_PERF_02,1,1,0
20260215_001121_136887_combined,20260215_001121_136887_combined_PERF_03,1,1,0
20260215_001121_136887_combined,20260215_001121_136887_combined_PERF_04,1,0,0
20260215_001128_136897_combined,20260215_001128_136897_combined_PERF_01,0,1,0
20260215_001128_136897_combined,20260215_001128_136897_combined_PERF_02,0,1,0
20260215_001128_136897_combined,20260215_001128_136897_combined_PERF_03,0,1,0
20260215_001128_136897_combined,20260215_001128_136897_combined_PERF_04,0,1,0
20260215_001135_136907_combined,20260215_001135_136907_combined_PERF_01,0,1,0
20260215_001135_136907_combined,20260215_001135_136907_combined_PERF_02,0,1,0
20260215_001135_136907_combined,20260215_001135_136907_combined_PERF_03,0,1,0
20260215_001135_136907_combined,20260215_001135_136907_combined_PERF_04,0,1,0
20260215_001142_136917_combined,20260215_001142_136917_combined_PERF_01,0,1,0
20260215_001142_136917_combined,20260215_001142_136917_combined_PERF_02,0,1,0
20260215_001142_136917_combined,20260215_001142_136917_combined_PERF_03,0,1,0
20260215_001142_136917_combined,20260215_001142_136917_combined_PERF_04,0,1,0
20260215_001157_136937_combined,20260215_001157_136937_combined_PERF_01,0,1,0
20260215_001157_136937_combined,20260215_001157_136937_combined_PERF_02,0,1,0
20260215_001157_136937_combined,20260215_001157_136937_combined_PERF_03,0,1,0
20260215_001157_136937_combined,20260215_001157_136937_combined_PERF_04,0,1,0
20260215_001204_136947_combined,20260215_001204_136947_combined_PERF_01,0,1,0
20260215_001204_136947_combined,20260215_001204_136947_combined_PERF_02,0,1,0
20260215_001204_136947_combined,20260215_001204_136947_combined_PERF_03,0,1,0
20260215_001204_136947_combined,20260215_001204_136947_combined_PERF_04,0,1,0
20260215_001213_136957_combined,20260215_001213_136957_combined_PERF_01,0,1,0
20260215_001213_136957_combined,20260215_001213_136957_combined_PERF_02,0,1,0
20260215_001213_136957_combined,20260215_001213_136957_combined_PERF_03,0,1,0
20260215_001213_136957_combined,20260215_001213_136957_combined_PERF_04,0,1,0
20260215_001321_136967_combined,20260215_001321_136967_combined_PERF_01,0,1,0
20260215_001321_136967_combined,20260215_001321_136967_combined_PERF_02,0,1,0
20260215_001321_136967_combined,20260215_001321_136967_combined_PERF_03,0,1,0
20260215_001321_136967_combined,20260215_001321_136967_combined_PERF_04,0,1,0
20260215_001336_136977_combined,20260215_001336_136977_combined_PERF_01,0,1,0
20260215_001336_136977_combined,20260215_001336_136977_combined_PERF_02,0,1,0
20260215_001336_136977_combined,20260215_001336_136977_combined_PERF_03,0,1,0
20260215_001336_136977_combined,20260215_001336_136977_combined_PERF_04,0,1,0
20260215_001346_136987_combined,20260215_001346_136987_combined_PERF_01,0,1,0
20260215_001346_136987_combined,20260215_001346_136987_combined_PERF_02,0,1,0
20260215_001346_136987_combined,20260215_001346_136987_combined_PERF_03,0,1,0
20260215_001346_136987_combined,20260215_001346_136987_combined_PERF_04,0,1,0
20260215_001403_137007_combined,20260215_001403_137007_combined_PERF_01,0,1,0
20260215_001403_137007_combined,20260215_001403_137007_combined_PERF_02,0,1,0
20260215_001403_137007_combined,20260215_001403_137007_combined_PERF_03,0,1,0
20260215_001403_137007_combined,20260215_001403_137007_combined_PERF_04,0,1,0
20260215_002439_137067_combined,20260215_002439_137067_combined_PERF_01,0,1,0
20260215_002439_137067_combined,20260215_002439_137067_combined_PERF_02,0,1,0
20260215_002439_137067_combined,20260215_002439_137067_combined_PERF_03,0,1,0
20260215_002439_137067_combined,20260215_002439_137067_combined_PERF_04,0,1,0
20260215_002512_137087_combined,20260215_002512_137087_combined_PERF_01,0,1,0
20260215_002512_137087_combined,20260215_002512_137087_combined_PERF_02,0,1,0
20260215_002512_137087_combined,20260215_002512_137087_combined_PERF_03,0,1,0
20260215_002512_137087_combined,20260215_002512_137087_combined_PERF_04,0,1,0
20260215_002913_137107_combined,20260215_002913_137107_combined_PERF_01,0,1,0
20260215_002913_137107_combined,20260215_002913_137107_combined_PERF_02,0,1,0
20260215_002913_137107_combined,20260215_002913_137107_combined_PERF_03,0,1,0
20260215_002913_137107_combined,20260215_002913_137107_combined_PERF_04,0,1,0
20260215_002924_137117_combined,20260215_002924_137117_combined_PERF_01,0,1,0
20260215_002924_137117_combined,20260215_002924_137117_combined_PERF_02,0,1,0
20260215_002924_137117_combined,20260215_002924_137117_combined_PERF_03,0,1,0
20260215_002924_137117_combined,20260215_002924_137117_combined_PERF_04,0,1,0
20260215_003006_137127_combined,20260215_003006_137127_combined_PERF_01,0,1,0
20260215_003006_137127_combined,20260215_003006_137127_combined_PERF_02,0,1,0
20260215_003006_137127_combined,20260215_003006_137127_combined_PERF_03,0,1,0
20260215_003006_137127_combined,20260215_003006_137127_combined_PERF_04,0,1,0
20260215_003016_137137_combined,20260215_003016_137137_combined_PERF_01,0,1,0
20260215_003016_137137_combined,20260215_003016_137137_combined_PERF_02,0,1,0
20260215_003016_137137_combined,20260215_003016_137137_combined_PERF_03,0,1,0
20260215_003016_137137_combined,20260215_003016_137137_combined_PERF_04,0,1,0
20260215_003027_137147_combined,20260215_003027_137147_combined_PERF_01,0,1,0
20260215_003027_137147_combined,20260215_003027_137147_combined_PERF_02,0,1,0
20260215_003027_137147_combined,20260215_003027_137147_combined_PERF_03,0,1,0
20260215_003027_137147_combined,20260215_003027_137147_combined_PERF_04,0,1,0
20260215_003037_137157_combined,20260215_003037_137157_combined_PERF_01,0,1,0
20260215_003037_137157_combined,20260215_003037_137157_combined_PERF_02,0,1,0
20260215_003037_137157_combined,20260215_003037_137157_combined_PERF_03,0,1,0
20260215_003037_137157_combined,20260215_003037_137157_combined_PERF_04,0,1,0
20260215_003049_137167_combined,20260215_003049_137167_combined_PERF_01,0,1,0
20260215_003049_137167_combined,20260215_003049_137167_combined_PERF_02,0,1,0
20260215_003049_137167_combined,20260215_003049_137167_combined_PERF_03,0,1,0
20260215_003049_137167_combined,20260215_003049_137167_combined_PERF_04,0,1,0
20260215_003236_137177_combined,20260215_003236_137177_combined_PERF_01,0,1,0
20260215_003236_137177_combined,20260215_003236_137177_combined_PERF_02,0,1,0
20260215_003236_137177_combined,20260215_003236_137177_combined_PERF_03,0,1,0
20260215_003236_137177_combined,20260215_003236_137177_combined_PERF_04,0,1,0
20260215_004222_137187_combined,20260215_004222_137187_combined_PERF_01,0,1,0
20260215_004222_137187_combined,20260215_004222_137187_combined_PERF_02,0,1,0
20260215_004222_137187_combined,20260215_004222_137187_combined_PERF_03,0,1,0
20260215_004222_137187_combined,20260215_004222_137187_combined_PERF_04,0,1,0
20260215_004351_137197_combined,20260215_004351_137197_combined_PERF_01,1,1,0
20260215_004351_137197_combined,20260215_004351_137197_combined_PERF_02,1,1,0
20260215_004351_137197_combined,20260215_004351_137197_combined_PERF_03,1,1,0
20260215_004351_137197_combined,20260215_004351_137197_combined_PERF_04,1,1,0
20260215_004432_137207_combined,20260215_004432_137207_combined_PERF_01,0,1,0
20260215_004432_137207_combined,20260215_004432_137207_combined_PERF_02,0,1,0
20260215_004432_137207_combined,20260215_004432_137207_combined_PERF_03,0,1,0
20260215_004432_137207_combined,20260215_004432_137207_combined_PERF_04,0,1,0
20260215_004715_137217_combined,20260215_004715_137217_combined_PERF_01,0,1,0
20260215_004715_137217_combined,20260215_004715_137217_combined_PERF_02,0,1,0
20260215_004715_137217_combined,20260215_004715_137217_combined_PERF_03,0,1,0
20260215_004715_137217_combined,20260215_004715_137217_combined_PERF_04,0,1,0
20260215_004908_137227_combined,20260215_004908_137227_combined_PERF_01,1,1,0
20260215_004908_137227_combined,20260215_004908_137227_combined_PERF_02,1,1,0
20260215_004908_137227_combined,20260215_004908_137227_combined_PERF_03,1,1,0
20260215_004908_137227_combined,20260215_004908_137227_combined_PERF_04,1,1,0
20260215_004932_137237_combined,20260215_004932_137237_combined_PERF_01,1,1,0
20260215_004932_137237_combined,20260215_004932_137237_combined_PERF_02,1,1,0
20260215_004932_137237_combined,20260215_004932_137237_combined_PERF_03,1,1,0
20260215_004932_137237_combined,20260215_004932_137237_combined_PERF_04,1,1,0
20260215_004956_137247_combined,20260215_004956_137247_combined_PERF_01,1,1,0
20260215_004956_137247_combined,20260215_004956_137247_combined_PERF_02,1,1,0
20260215_004956_137247_combined,20260215_004956_137247_combined_PERF_03,1,1,0
20260215_004956_137247_combined,20260215_004956_137247_combined_PERF_04,1,1,0
20260215_005019_137257_combined,20260215_005019_137257_combined_PERF_01,1,1,0
20260215_005019_137257_combined,20260215_005019_137257_combined_PERF_02,1,1,0
20260215_005019_137257_combined,20260215_005019_137257_combined_PERF_03,1,1,0
20260215_005019_137257_combined,20260215_005019_137257_combined_PERF_04,1,1,0
20260215_005042_137267_combined,20260215_005042_137267_combined_PERF_01,1,1,0
20260215_005042_137267_combined,20260215_005042_137267_combined_PERF_02,1,1,0
20260215_005042_137267_combined,20260215_005042_137267_combined_PERF_03,1,1,0
20260215_005042_137267_combined,20260215_005042_137267_combined_PERF_04,1,1,0
20260215_005059_137277_combined,20260215_005059_137277_combined_PERF_01,1,1,0
20260215_005059_137277_combined,20260215_005059_137277_combined_PERF_02,1,1,0
20260215_005059_137277_combined,20260215_005059_137277_combined_PERF_03,1,1,0
20260215_005059_137277_combined,20260215_005059_137277_combined_PERF_04,1,1,0
20260215_005115_137287_combined,20260215_005115_137287_combined_PERF_01,1,1,0
20260215_005115_137287_combined,20260215_005115_137287_combined_PERF_02,1,1,0
20260215_005115_137287_combined,20260215_005115_137287_combined_PERF_03,1,1,0
20260215_005115_137287_combined,20260215_005115_137287_combined_PERF_04,1,1,0
20260215_005131_137297_combined,20260215_005131_137297_combined_PERF_01,1,1,0
20260215_005131_137297_combined,20260215_005131_137297_combined_PERF_02,1,1,0
20260215_005131_137297_combined,20260215_005131_137297_combined_PERF_03,1,1,0
20260215_005131_137297_combined,20260215_005131_137297_combined_PERF_04,1,1,0
20260215_005148_137307_combined,20260215_005148_137307_combined_PERF_01,1,1,0
20260215_005148_137307_combined,20260215_005148_137307_combined_PERF_02,1,1,0
20260215_005148_137307_combined,20260215_005148_137307_combined_PERF_03,1,1,0
20260215_005148_137307_combined,20260215_005148_137307_combined_PERF_04,1,1,0
20260215_011742_138187_combined,20260215_011742_138187_combined_PERF_01,0,1,0
20260215_011742_138187_combined,20260215_011742_138187_combined_PERF_02,0,1,0
20260215_011742_138187_combined,20260215_011742_138187_combined_PERF_03,0,1,0
20260215_011742_138187_combined,20260215_011742_138187_combined_PERF_04,0,1,0
20260215_014331_138597_combined,20260215_014331_138597_combined_PERF_01,0,1,0
20260215_014331_138597_combined,20260215_014331_138597_combined_PERF_02,0,1,0
20260215_014331_138597_combined,20260215_014331_138597_combined_PERF_03,0,1,0
20260215_014331_138597_combined,20260215_014331_138597_combined_PERF_04,0,1,0
20260215_014456_138717_combined,20260215_014456_138717_combined_PERF_01,0,1,0
20260215_014456_138717_combined,20260215_014456_138717_combined_PERF_02,0,1,0
20260215_014456_138717_combined,20260215_014456_138717_combined_PERF_03,0,1,0
20260215_014456_138717_combined,20260215_014456_138717_combined_PERF_04,0,1,0
20260215_023029_139717_combined,20260215_023029_139717_combined_PERF_01,1,1,0
20260215_023029_139717_combined,20260215_023029_139717_combined_PERF_02,1,1,0
20260215_023029_139717_combined,20260215_023029_139717_combined_PERF_03,1,1,0
20260215_023029_139717_combined,20260215_023029_139717_combined_PERF_04,1,1,0
20260215_023120_139767_combined,20260215_023120_139767_combined_PERF_01,1,1,0
20260215_023120_139767_combined,20260215_023120_139767_combined_PERF_02,1,0,0
20260215_023120_139767_combined,20260215_023120_139767_combined_PERF_03,1,1,0
20260215_023120_139767_combined,20260215_023120_139767_combined_PERF_04,1,1,0
20260215_025238_140647_combined,20260215_025238_140647_combined_PERF_01,1,1,0
20260215_025238_140647_combined,20260215_025238_140647_combined_PERF_02,1,0,0
20260215_025238_140647_combined,20260215_025238_140647_combined_PERF_03,1,1,0
20260215_025238_140647_combined,20260215_025238_140647_combined_PERF_04,1,1,0
20260215_200656_141387_combined,20260215_200656_141387_combined_PERF_01,0,1,0
20260215_200656_141387_combined,20260215_200656_141387_combined_PERF_02,0,1,0
20260215_200656_141387_combined,20260215_200656_141387_combined_PERF_03,0,1,0
20260215_200656_141387_combined,20260215_200656_141387_combined_PERF_04,0,1,0
20260215_200735_141397_combined,20260215_200735_141397_combined_PERF_01,1,1,0
20260215_200735_141397_combined,20260215_200735_141397_combined_PERF_02,1,1,0
20260215_200735_141397_combined,20260215_200735_141397_combined_PERF_03,1,1,0
20260215_200735_141397_combined,20260215_200735_141397_combined_PERF_04,1,1,0
20260215_200812_141407_combined,20260215_200812_141407_combined_PERF_01,0,1,0
20260215_200812_141407_combined,20260215_200812_141407_combined_PERF_02,0,1,0
20260215_200812_141407_combined,20260215_200812_141407_combined_PERF_03,0,1,0
20260215_200812_141407_combined,20260215_200812_141407_combined_PERF_04,0,1,0
20260215_200828_141417_combined,20260215_200828_141417_combined_PERF_01,1,1,0
20260215_200828_141417_combined,20260215_200828_141417_combined_PERF_02,1,1,0
20260215_200828_141417_combined,20260215_200828_141417_combined_PERF_03,1,1,0
20260215_200828_141417_combined,20260215_200828_141417_combined_PERF_04,1,1,0
20260215_200845_141427_combined,20260215_200845_141427_combined_PERF_01,0,1,0
20260215_200845_141427_combined,20260215_200845_141427_combined_PERF_02,0,1,0
20260215_200845_141427_combined,20260215_200845_141427_combined_PERF_03,0,1,0
20260215_200845_141427_combined,20260215_200845_141427_combined_PERF_04,0,1,0
20260215_200925_141437_combined,20260215_200925_141437_combined_PERF_01,0,1,0
20260215_200925_141437_combined,20260215_200925_141437_combined_PERF_02,0,1,0
20260215_200925_141437_combined,20260215_200925_141437_combined_PERF_03,0,1,0
20260215_200925_141437_combined,20260215_200925_141437_combined_PERF_04,0,1,0
20260215_202551_141447_combined,20260215_202551_141447_combined_PERF_01,1,1,0
20260215_202551_141447_combined,20260215_202551_141447_combined_PERF_02,1,1,0
20260215_202551_141447_combined,20260215_202551_141447_combined_PERF_03,1,1,0
20260215_202551_141447_combined,20260215_202551_141447_combined_PERF_04,1,1,0
20260215_211148_141537_combined,20260215_211148_141537_combined_PERF_01,0,1,0
20260215_211148_141537_combined,20260215_211148_141537_combined_PERF_02,0,1,0
20260215_211148_141537_combined,20260215_211148_141537_combined_PERF_03,0,1,0
20260215_211148_141537_combined,20260215_211148_141537_combined_PERF_04,0,1,0
20260215_214004_141547_combined,20260215_214004_141547_combined_PERF_01,1,1,0
20260215_214004_141547_combined,20260215_214004_141547_combined_PERF_02,1,1,0
20260215_214004_141547_combined,20260215_214004_141547_combined_PERF_03,1,1,0
20260215_214004_141547_combined,20260215_214004_141547_combined_PERF_04,1,1,0
20260216_011150_144257_combined,20260216_011150_144257_combined_PERF_01,0,1,0
20260216_011150_144257_combined,20260216_011150_144257_combined_PERF_02,0,1,0
20260216_011150_144257_combined,20260216_011150_144257_combined_PERF_03,0,1,0
20260216_011150_144257_combined,20260216_011150_144257_combined_PERF_04,0,1,0
20260216_011201_144267_combined,20260216_011201_144267_combined_PERF_01,0,1,0
20260216_011201_144267_combined,20260216_011201_144267_combined_PERF_02,0,1,0
20260216_011201_144267_combined,20260216_011201_144267_combined_PERF_03,0,1,0
20260216_011201_144267_combined,20260216_011201_144267_combined_PERF_04,0,1,0
20260216_012141_144277_combined,20260216_012141_144277_combined_PERF_01,0,1,0
20260216_012141_144277_combined,20260216_012141_144277_combined_PERF_02,0,1,0
20260216_012141_144277_combined,20260216_012141_144277_combined_PERF_03,0,1,0
20260216_012141_144277_combined,20260216_012141_144277_combined_PERF_04,0,1,0
20260216_012247_144287_combined,20260216_012247_144287_combined_PERF_01,0,1,0
20260216_012247_144287_combined,20260216_012247_144287_combined_PERF_02,0,1,0
20260216_012247_144287_combined,20260216_012247_144287_combined_PERF_03,0,1,0
20260216_012247_144287_combined,20260216_012247_144287_combined_PERF_04,0,1,0
20260216_012337_144297_combined,20260216_012337_144297_combined_PERF_01,0,1,0
20260216_012337_144297_combined,20260216_012337_144297_combined_PERF_02,0,1,0
20260216_012337_144297_combined,20260216_012337_144297_combined_PERF_03,0,1,0
20260216_012337_144297_combined,20260216_012337_144297_combined_PERF_04,0,1,0
20260216_012406_144307_combined,20260216_012406_144307_combined_PERF_01,0,1,0
20260216_012406_144307_combined,20260216_012406_144307_combined_PERF_02,0,1,0
20260216_012406_144307_combined,20260216_012406_144307_combined_PERF_03,0,1,0
20260216_012406_144307_combined,20260216_012406_144307_combined_PERF_04,0,1,0
20260216_012414_144317_combined,20260216_012414_144317_combined_PERF_01,0,1,0
20260216_012414_144317_combined,20260216_012414_144317_combined_PERF_02,0,1,0
20260216_012414_144317_combined,20260216_012414_144317_combined_PERF_03,0,1,0
20260216_012414_144317_combined,20260216_012414_144317_combined_PERF_04,0,1,0
20260216_012421_144327_combined,20260216_012421_144327_combined_PERF_01,0,1,0
20260216_012421_144327_combined,20260216_012421_144327_combined_PERF_02,0,1,0
20260216_012421_144327_combined,20260216_012421_144327_combined_PERF_03,0,1,0
20260216_012421_144327_combined,20260216_012421_144327_combined_PERF_04,0,1,0
20260216_012429_144337_combined,20260216_012429_144337_combined_PERF_01,0,1,0
20260216_012429_144337_combined,20260216_012429_144337_combined_PERF_02,0,1,0
20260216_012429_144337_combined,20260216_012429_144337_combined_PERF_03,0,1,0
20260216_012429_144337_combined,20260216_012429_144337_combined_PERF_04,0,1,0
20260216_012437_144347_combined,20260216_012437_144347_combined_PERF_01,0,1,0
20260216_012437_144347_combined,20260216_012437_144347_combined_PERF_02,0,1,0
20260216_012437_144347_combined,20260216_012437_144347_combined_PERF_03,0,1,0
20260216_012437_144347_combined,20260216_012437_144347_combined_PERF_04,0,1,0
20260216_012445_144357_combined,20260216_012445_144357_combined_PERF_01,0,1,0
20260216_012445_144357_combined,20260216_012445_144357_combined_PERF_02,0,1,0
20260216_012445_144357_combined,20260216_012445_144357_combined_PERF_03,0,1,0
20260216_012445_144357_combined,20260216_012445_144357_combined_PERF_04,0,1,0
20260216_012453_144367_combined,20260216_012453_144367_combined_PERF_01,0,1,0
20260216_012453_144367_combined,20260216_012453_144367_combined_PERF_02,0,1,0
20260216_012453_144367_combined,20260216_012453_144367_combined_PERF_03,0,1,0
20260216_012453_144367_combined,20260216_012453_144367_combined_PERF_04,0,1,0
20260216_012500_144377_combined,20260216_012500_144377_combined_PERF_01,0,1,0
20260216_012500_144377_combined,20260216_012500_144377_combined_PERF_02,0,1,0
20260216_012500_144377_combined,20260216_012500_144377_combined_PERF_03,0,1,0
20260216_012500_144377_combined,20260216_012500_144377_combined_PERF_04,0,1,0
20260216_012508_144387_combined,20260216_012508_144387_combined_PERF_01,0,1,0
20260216_012508_144387_combined,20260216_012508_144387_combined_PERF_02,0,1,0
20260216_012508_144387_combined,20260216_012508_144387_combined_PERF_03,0,1,0
20260216_012508_144387_combined,20260216_012508_144387_combined_PERF_04,0,1,0
20260216_012516_144397_combined,20260216_012516_144397_combined_PERF_01,0,1,0
20260216_012516_144397_combined,20260216_012516_144397_combined_PERF_02,0,1,0
20260216_012516_144397_combined,20260216_012516_144397_combined_PERF_03,0,1,0
20260216_012516_144397_combined,20260216_012516_144397_combined_PERF_04,0,1,0
20260216_012524_144407_combined,20260216_012524_144407_combined_PERF_01,0,1,0
20260216_012524_144407_combined,20260216_012524_144407_combined_PERF_02,0,1,0
20260216_012524_144407_combined,20260216_012524_144407_combined_PERF_03,0,1,0
20260216_012524_144407_combined,20260216_012524_144407_combined_PERF_04,0,1,0
20260216_012532_144417_combined,20260216_012532_144417_combined_PERF_01,0,1,0
20260216_012532_144417_combined,20260216_012532_144417_combined_PERF_02,0,1,0
20260216_012532_144417_combined,20260216_012532_144417_combined_PERF_03,0,1,0
20260216_012532_144417_combined,20260216_012532_144417_combined_PERF_04,0,1,0
20260216_012539_144427_combined,20260216_012539_144427_combined_PERF_01,0,1,0
20260216_012539_144427_combined,20260216_012539_144427_combined_PERF_02,0,1,0
20260216_012539_144427_combined,20260216_012539_144427_combined_PERF_03,0,1,0
20260216_012539_144427_combined,20260216_012539_144427_combined_PERF_04,0,1,0
20260216_012547_144437_combined,20260216_012547_144437_combined_PERF_01,0,1,0
20260216_012547_144437_combined,20260216_012547_144437_combined_PERF_02,0,1,0
20260216_012547_144437_combined,20260216_012547_144437_combined_PERF_03,0,1,0
20260216_012547_144437_combined,20260216_012547_144437_combined_PERF_04,0,1,0
20260216_012555_144447_combined,20260216_012555_144447_combined_PERF_01,0,1,0
20260216_012555_144447_combined,20260216_012555_144447_combined_PERF_02,0,1,0
20260216_012555_144447_combined,20260216_012555_144447_combined_PERF_03,0,1,0
20260216_012555_144447_combined,20260216_012555_144447_combined_PERF_04,0,1,0
20260217_141902_001400_combined,20260217_141902_001400_combined_PERF_01,1,1,0
20260217_141902_001400_combined,20260217_141902_001400_combined_PERF_02,1,1,0
20260217_141902_001400_combined,20260217_141902_001400_combined_PERF_03,1,1,0
20260217_141902_001400_combined,20260217_141902_001400_combined_PERF_04,1,1,0
20260217_141917_001410_combined,20260217_141917_001410_combined_PERF_01,1,1,0
20260217_141917_001410_combined,20260217_141917_001410_combined_PERF_02,1,1,0
20260217_141917_001410_combined,20260217_141917_001410_combined_PERF_03,1,1,0
20260217_141917_001410_combined,20260217_141917_001410_combined_PERF_04,1,1,0
20260217_141932_001420_combined,20260217_141932_001420_combined_PERF_01,1,1,0
20260217_141932_001420_combined,20260217_141932_001420_combined_PERF_02,1,1,0
20260217_141932_001420_combined,20260217_141932_001420_combined_PERF_03,1,1,0
20260217_141932_001420_combined,20260217_141932_001420_combined_PERF_04,1,1,0
20260217_141947_001430_combined,20260217_141947_001430_combined_PERF_01,1,1,0
20260217_141947_001430_combined,20260217_141947_001430_combined_PERF_02,1,1,0
20260217_141947_001430_combined,20260217_141947_001430_combined_PERF_03,1,1,0
20260217_141947_001430_combined,20260217_141947_001430_combined_PERF_04,1,0,0
20260217_142002_001440_combined,20260217_142002_001440_combined_PERF_01,1,1,0
20260217_142002_001440_combined,20260217_142002_001440_combined_PERF_02,1,1,0
20260217_142002_001440_combined,20260217_142002_001440_combined_PERF_03,1,1,0
20260217_142002_001440_combined,20260217_142002_001440_combined_PERF_04,1,1,0
20260217_142017_001450_combined,20260217_142017_001450_combined_PERF_01,0,1,0
20260217_142017_001450_combined,20260217_142017_001450_combined_PERF_02,0,1,0
20260217_142017_001450_combined,20260217_142017_001450_combined_PERF_03,0,1,0
20260217_142017_001450_combined,20260217_142017_001450_combined_PERF_04,0,1,0
20260217_142032_001460_combined,20260217_142032_001460_combined_PERF_01,1,1,0
20260217_142032_001460_combined,20260217_142032_001460_combined_PERF_02,1,1,0
20260217_142032_001460_combined,20260217_142032_001460_combined_PERF_03,1,1,0
20260217_142032_001460_combined,20260217_142032_001460_combined_PERF_04,1,1,0
20260217_142047_001470_combined,20260217_142047_001470_combined_PERF_01,1,1,0
20260217_142047_001470_combined,20260217_142047_001470_combined_PERF_02,1,1,0
20260217_142047_001470_combined,20260217_142047_001470_combined_PERF_03,1,1,0
20260217_142047_001470_combined,20260217_142047_001470_combined_PERF_04,1,1,0
20260217_142102_001480_combined,20260217_142102_001480_combined_PERF_01,1,1,0
20260217_142102_001480_combined,20260217_142102_001480_combined_PERF_02,1,1,0
20260217_142102_001480_combined,20260217_142102_001480_combined_PERF_03,1,1,0
20260217_142102_001480_combined,20260217_142102_001480_combined_PERF_04,1,1,0
20260217_142117_001490_combined,20260217_142117_001490_combined_PERF_01,1,1,0
20260217_142117_001490_combined,20260217_142117_001490_combined_PERF_02,1,1,0
20260217_142117_001490_combined,20260217_142117_001490_combined_PERF_03,1,1,0
20260217_142117_001490_combined,20260217_142117_001490_combined_PERF_04,1,1,0
20260217_142132_001500_combined,20260217_142132_001500_combined_PERF_01,1,1,0
20260217_142132_001500_combined,20260217_142132_001500_combined_PERF_02,1,1,0
20260217_142132_001500_combined,20260217_142132_001500_combined_PERF_03,1,1,0
20260217_142132_001500_combined,20260217_142132_001500_combined_PERF_04,1,1,0
20260217_142147_001510_combined,20260217_142147_001510_combined_PERF_01,1,1,0
20260217_142147_001510_combined,20260217_142147_001510_combined_PERF_02,1,1,0
20260217_142147_001510_combined,20260217_142147_001510_combined_PERF_03,1,1,0
20260217_142147_001510_combined,20260217_142147_001510_combined_PERF_04,1,1,0
20260217_142202_001520_combined,20260217_142202_001520_combined_PERF_01,1,1,0
20260217_142202_001520_combined,20260217_142202_001520_combined_PERF_02,1,1,0
20260217_142202_001520_combined,20260217_142202_001520_combined_PERF_03,1,1,0
20260217_142202_001520_combined,20260217_142202_001520_combined_PERF_04,1,1,0
20260217_142217_001530_combined,20260217_142217_001530_combined_PERF_01,0,1,0
20260217_142217_001530_combined,20260217_142217_001530_combined_PERF_02,0,1,0
20260217_142217_001530_combined,20260217_142217_001530_combined_PERF_03,0,1,0
20260217_142217_001530_combined,20260217_142217_001530_combined_PERF_04,0,1,0
20260217_142232_001540_combined,20260217_142232_001540_combined_PERF_01,1,1,0
20260217_142232_001540_combined,20260217_142232_001540_combined_PERF_02,1,1,0
20260217_142232_001540_combined,20260217_142232_001540_combined_PERF_03,1,1,0
20260217_142232_001540_combined,20260217_142232_001540_combined_PERF_04,1,1,0
20260217_142247_001550_combined,20260217_142247_001550_combined_PERF_01,1,1,0
20260217_142247_001550_combined,20260217_142247_001550_combined_PERF_02,1,1,0
20260217_142247_001550_combined,20260217_142247_001550_combined_PERF_03,1,1,0
20260217_142247_001550_combined,20260217_142247_001550_combined_PERF_04,1,1,0
20260217_142302_001560_combined,20260217_142302_001560_combined_PERF_01,1,1,0
20260217_142302_001560_combined,20260217_142302_001560_combined_PERF_02,1,1,0
20260217_142302_001560_combined,20260217_142302_001560_combined_PERF_03,1,1,0
20260217_142302_001560_combined,20260217_142302_001560_combined_PERF_04,1,1,0
20260217_142317_001570_combined,20260217_142317_001570_combined_PERF_01,1,1,0
20260217_142317_001570_combined,20260217_142317_001570_combined_PERF_02,1,1,0
20260217_142317_001570_combined,20260217_142317_001570_combined_PERF_03,1,1,0
20260217_142317_001570_combined,20260217_142317_001570_combined_PERF_04,1,1,0
20260217_142332_001580_combined,20260217_142332_001580_combined_PERF_01,1,1,0
20260217_142332_001580_combined,20260217_142332_001580_combined_PERF_02,1,1,0
20260217_142332_001580_combined,20260217_142332_001580_combined_PERF_03,1,1,0
20260217_142332_001580_combined,20260217_142332_001580_combined_PERF_04,1,1,0
20260217_142347_001590_combined,20260217_142347_001590_combined_PERF_01,1,1,0
20260217_142347_001590_combined,20260217_142347_001590_combined_PERF_02,1,1,0
20260217_142347_001590_combined,20260217_142347_001590_combined_PERF_03,1,1,0
20260217_142347_001590_combined,20260217_142347_001590_combined_PERF_04,1,1,0
20260217_142402_001600_combined,20260217_142402_001600_combined_PERF_01,1,1,0
20260217_142402_001600_combined,20260217_142402_001600_combined_PERF_02,1,1,0
20260217_142402_001600_combined,20260217_142402_001600_combined_PERF_03,1,1,0
20260217_142402_001600_combined,20260217_142402_001600_combined_PERF_04,1,1,0
20260217_142417_001610_combined,20260217_142417_001610_combined_PERF_01,1,1,0
20260217_142417_001610_combined,20260217_142417_001610_combined_PERF_02,1,1,0
20260217_142417_001610_combined,20260217_142417_001610_combined_PERF_03,1,1,0
20260217_142417_001610_combined,20260217_142417_001610_combined_PERF_04,1,1,0
20260217_142432_001620_combined,20260217_142432_001620_combined_PERF_01,1,1,0
20260217_142432_001620_combined,20260217_142432_001620_combined_PERF_02,1,1,0
20260217_142432_001620_combined,20260217_142432_001620_combined_PERF_03,1,1,0
20260217_142432_001620_combined,20260217_142432_001620_combined_PERF_04,1,1,0
20260217_144400_001740_combined,20260217_144400_001740_combined_PERF_01,0,1,0
20260217_144400_001740_combined,20260217_144400_001740_combined_PERF_02,0,1,0
20260217_144400_001740_combined,20260217_144400_001740_combined_PERF_03,0,1,0
20260217_144400_001740_combined,20260217_144400_001740_combined_PERF_04,0,1,0
20260217_144415_001750_combined,20260217_144415_001750_combined_PERF_01,0,1,0
20260217_144415_001750_combined,20260217_144415_001750_combined_PERF_02,0,1,0
20260217_144415_001750_combined,20260217_144415_001750_combined_PERF_03,0,1,0
20260217_144415_001750_combined,20260217_144415_001750_combined_PERF_04,0,1,0
20260217_144427_001760_combined,20260217_144427_001760_combined_PERF_01,0,1,0
20260217_144427_001760_combined,20260217_144427_001760_combined_PERF_02,0,1,0
20260217_144427_001760_combined,20260217_144427_001760_combined_PERF_03,0,1,0
20260217_144427_001760_combined,20260217_144427_001760_combined_PERF_04,0,1,0
20260217_144439_001770_combined,20260217_144439_001770_combined_PERF_01,0,1,0
20260217_144439_001770_combined,20260217_144439_001770_combined_PERF_02,0,1,0
20260217_144439_001770_combined,20260217_144439_001770_combined_PERF_03,0,1,0
20260217_144439_001770_combined,20260217_144439_001770_combined_PERF_04,0,1,0
20260217_144451_001780_combined,20260217_144451_001780_combined_PERF_01,0,1,0
20260217_144451_001780_combined,20260217_144451_001780_combined_PERF_02,0,1,0
20260217_144451_001780_combined,20260217_144451_001780_combined_PERF_03,0,1,0
20260217_144451_001780_combined,20260217_144451_001780_combined_PERF_04,0,1,0
20260217_144503_001790_combined,20260217_144503_001790_combined_PERF_01,0,1,0
20260217_144503_001790_combined,20260217_144503_001790_combined_PERF_02,0,1,0
20260217_144503_001790_combined,20260217_144503_001790_combined_PERF_03,0,1,0
20260217_144503_001790_combined,20260217_144503_001790_combined_PERF_04,0,1,0
20260217_144515_001800_combined,20260217_144515_001800_combined_PERF_01,0,1,0
20260217_144515_001800_combined,20260217_144515_001800_combined_PERF_02,0,1,0
20260217_144515_001800_combined,20260217_144515_001800_combined_PERF_03,0,1,0
20260217_144515_001800_combined,20260217_144515_001800_combined_PERF_04,0,1,0
20260217_144527_001810_combined,20260217_144527_001810_combined_PERF_01,0,1,0
20260217_144527_001810_combined,20260217_144527_001810_combined_PERF_02,0,1,0
20260217_144527_001810_combined,20260217_144527_001810_combined_PERF_03,0,1,0
20260217_144527_001810_combined,20260217_144527_001810_combined_PERF_04,0,1,0
20260217_144539_001820_combined,20260217_144539_001820_combined_PERF_01,0,1,0
20260217_144539_001820_combined,20260217_144539_001820_combined_PERF_02,0,1,0
20260217_144539_001820_combined,20260217_144539_001820_combined_PERF_03,0,1,0
20260217_144539_001820_combined,20260217_144539_001820_combined_PERF_04,0,1,0
20260217_144551_001830_combined,20260217_144551_001830_combined_PERF_01,0,1,0
20260217_144551_001830_combined,20260217_144551_001830_combined_PERF_02,0,1,0
20260217_144551_001830_combined,20260217_144551_001830_combined_PERF_03,0,1,0
20260217_144551_001830_combined,20260217_144551_001830_combined_PERF_04,0,1,0
20260217_144603_001840_combined,20260217_144603_001840_combined_PERF_01,0,1,0
20260217_144603_001840_combined,20260217_144603_001840_combined_PERF_02,0,1,0
20260217_144603_001840_combined,20260217_144603_001840_combined_PERF_03,0,1,0
20260217_144603_001840_combined,20260217_144603_001840_combined_PERF_04,0,1,0
20260217_144615_001850_combined,20260217_144615_001850_combined_PERF_01,0,1,0
20260217_144615_001850_combined,20260217_144615_001850_combined_PERF_02,0,1,0
20260217_144615_001850_combined,20260217_144615_001850_combined_PERF_03,0,1,0
20260217_144615_001850_combined,20260217_144615_001850_combined_PERF_04,0,1,0
20260217_144627_001860_combined,20260217_144627_001860_combined_PERF_01,0,1,0
20260217_144627_001860_combined,20260217_144627_001860_combined_PERF_02,0,1,0
20260217_144627_001860_combined,20260217_144627_001860_combined_PERF_03,0,1,0
20260217_144627_001860_combined,20260217_144627_001860_combined_PERF_04,0,1,0
20260217_144639_001870_combined,20260217_144639_001870_combined_PERF_01,0,1,0
20260217_144639_001870_combined,20260217_144639_001870_combined_PERF_02,0,1,0
20260217_144639_001870_combined,20260217_144639_001870_combined_PERF_03,0,1,0
20260217_144639_001870_combined,20260217_144639_001870_combined_PERF_04,0,1,0
20260217_144651_001880_combined,20260217_144651_001880_combined_PERF_01,0,1,0
20260217_144651_001880_combined,20260217_144651_001880_combined_PERF_02,0,1,0
20260217_144651_001880_combined,20260217_144651_001880_combined_PERF_03,0,1,0
20260217_144651_001880_combined,20260217_144651_001880_combined_PERF_04,0,1,0
20260217_144703_001890_combined,20260217_144703_001890_combined_PERF_01,0,1,0
20260217_144703_001890_combined,20260217_144703_001890_combined_PERF_02,0,1,0
20260217_144703_001890_combined,20260217_144703_001890_combined_PERF_03,0,1,0
20260217_144703_001890_combined,20260217_144703_001890_combined_PERF_04,0,1,0
20260217_144715_001900_combined,20260217_144715_001900_combined_PERF_01,0,1,0
20260217_144715_001900_combined,20260217_144715_001900_combined_PERF_02,0,1,0
20260217_144715_001900_combined,20260217_144715_001900_combined_PERF_03,0,1,0
20260217_144715_001900_combined,20260217_144715_001900_combined_PERF_04,0,1,0
20260217_144727_001910_combined,20260217_144727_001910_combined_PERF_01,0,1,0
20260217_144727_001910_combined,20260217_144727_001910_combined_PERF_02,0,1,0
20260217_144727_001910_combined,20260217_144727_001910_combined_PERF_03,0,1,0
20260217_144727_001910_combined,20260217_144727_001910_combined_PERF_04,0,1,0
20260217_144739_001920_combined,20260217_144739_001920_combined_PERF_01,0,1,0
20260217_144739_001920_combined,20260217_144739_001920_combined_PERF_02,0,1,0
20260217_144739_001920_combined,20260217_144739_001920_combined_PERF_03,0,1,0
20260217_144739_001920_combined,20260217_144739_001920_combined_PERF_04,0,1,0
20260217_144751_001930_combined,20260217_144751_001930_combined_PERF_01,0,1,0
20260217_144751_001930_combined,20260217_144751_001930_combined_PERF_02,0,1,0
20260217_144751_001930_combined,20260217_144751_001930_combined_PERF_03,0,1,0
20260217_144751_001930_combined,20260217_144751_001930_combined_PERF_04,0,1,0
20260217_144803_001940_combined,20260217_144803_001940_combined_PERF_01,0,1,0
20260217_144803_001940_combined,20260217_144803_001940_combined_PERF_02,0,1,0
20260217_144803_001940_combined,20260217_144803_001940_combined_PERF_03,0,1,0
20260217_144803_001940_combined,20260217_144803_001940_combined_PERF_04,0,1,0
20260217_144815_001950_combined,20260217_144815_001950_combined_PERF_01,0,1,0
20260217_144815_001950_combined,20260217_144815_001950_combined_PERF_02,0,1,0
20260217_144815_001950_combined,20260217_144815_001950_combined_PERF_03,0,1,0
20260217_144815_001950_combined,20260217_144815_001950_combined_PERF_04,0,1,0
20260217_144827_001960_combined,20260217_144827_001960_combined_PERF_01,0,1,0
20260217_144827_001960_combined,20260217_144827_001960_combined_PERF_02,0,1,0
20260217_144827_001960_combined,20260217_144827_001960_combined_PERF_03,0,1,0
20260217_144827_001960_combined,20260217_144827_001960_combined_PERF_04,0,1,0
20260217_144839_001970_combined,20260217_144839_001970_combined_PERF_01,0,1,0
20260217_144839_001970_combined,20260217_144839_001970_combined_PERF_02,0,1,0
20260217_144839_001970_combined,20260217_144839_001970_combined_PERF_03,0,1,0
20260217_144839_001970_combined,20260217_144839_001970_combined_PERF_04,0,1,0
20260217_144851_001980_combined,20260217_144851_001980_combined_PERF_01,0,1,0
20260217_144851_001980_combined,20260217_144851_001980_combined_PERF_02,0,1,0
20260217_144851_001980_combined,20260217_144851_001980_combined_PERF_03,0,1,0
20260217_144851_001980_combined,20260217_144851_001980_combined_PERF_04,0,1,0
20260217_144903_001990_combined,20260217_144903_001990_combined_PERF_01,0,1,0
20260217_144903_001990_combined,20260217_144903_001990_combined_PERF_02,0,1,0
20260217_144903_001990_combined,20260217_144903_001990_combined_PERF_03,0,1,0
20260217_144903_001990_combined,20260217_144903_001990_combined_PERF_04,0,1,0
20260217_144915_002000_combined,20260217_144915_002000_combined_PERF_01,0,1,0
20260217_144915_002000_combined,20260217_144915_002000_combined_PERF_02,0,1,0
20260217_144915_002000_combined,20260217_144915_002000_combined_PERF_03,0,1,0
20260217_144915_002000_combined,20260217_144915_002000_combined_PERF_04,0,1,0
20260217_144927_002010_combined,20260217_144927_002010_combined_PERF_01,0,1,0
20260217_144927_002010_combined,20260217_144927_002010_combined_PERF_02,0,1,0
20260217_144927_002010_combined,20260217_144927_002010_combined_PERF_03,0,1,0
20260217_144927_002010_combined,20260217_144927_002010_combined_PERF_04,0,1,0
20260217_144939_002020_combined,20260217_144939_002020_combined_PERF_01,0,1,0
20260217_144939_002020_combined,20260217_144939_002020_combined_PERF_02,0,1,0
20260217_144939_002020_combined,20260217_144939_002020_combined_PERF_03,0,1,0
20260217_144939_002020_combined,20260217_144939_002020_combined_PERF_04,0,1,0
20260217_144951_002030_combined,20260217_144951_002030_combined_PERF_01,0,1,0
20260217_144951_002030_combined,20260217_144951_002030_combined_PERF_02,0,1,0
20260217_144951_002030_combined,20260217_144951_002030_combined_PERF_03,0,1,0
20260217_144951_002030_combined,20260217_144951_002030_combined_PERF_04,0,1,0
20260217_145003_002040_combined,20260217_145003_002040_combined_PERF_01,0,1,0
20260217_145003_002040_combined,20260217_145003_002040_combined_PERF_02,0,1,0
20260217_145003_002040_combined,20260217_145003_002040_combined_PERF_03,0,1,0
20260217_145003_002040_combined,20260217_145003_002040_combined_PERF_04,0,1,0
20260217_145015_002050_combined,20260217_145015_002050_combined_PERF_01,0,1,0
20260217_145015_002050_combined,20260217_145015_002050_combined_PERF_02,0,1,0
20260217_145015_002050_combined,20260217_145015_002050_combined_PERF_03,0,1,0
20260217_145015_002050_combined,20260217_145015_002050_combined_PERF_04,0,1,0
20260217_145029_002060_combined,20260217_145029_002060_combined_PERF_01,0,1,0
20260217_145029_002060_combined,20260217_145029_002060_combined_PERF_02,0,1,0
20260217_145029_002060_combined,20260217_145029_002060_combined_PERF_03,0,1,0
20260217_145029_002060_combined,20260217_145029_002060_combined_PERF_04,0,1,0
